URL,Title,Type,Template,WP_ID,Source
https://purebrain.ai/about-aether/,Meet Aether,cf-page,cf-pages,,cf-pages
https://purebrain.ai/ai-adoption-review/,AI Partnership Qualification | Are You Ready for PureBrain?,cf-page,cf-pages,,cf-pages
https://purebrain.ai/ai-partnership-assessment/,AI Partnership Readiness Assessment,cf-page,cf-pages,,cf-pages
https://purebrain.ai/ai-partnership-audit/,The AI Partnership Audit,cf-page,cf-pages,,cf-pages
https://purebrain.ai/ai-partnership-calculator/,AI Partnership Calculator – Redirect,cf-page,cf-pages,,cf-pages
https://purebrain.ai/ai-partnership-guide/,The Complete Guide to AI Partnership,cf-page,cf-pages,,cf-pages
https://purebrain.ai/ai-readiness-assessment/,AI Readiness Self-Assessment,cf-page,cf-pages,,cf-pages
https://purebrain.ai/ai-tool-stack-calculator/,Free AI Tool Stack Calculator — 195+ Tools | Stop Paying for 35 Categories,cf-page,cf-pages,,cf-pages
https://purebrain.ai/ai-website-analysis/,AI Website Analysis — PureBrain.ai,cf-page,cf-pages,,cf-pages
https://purebrain.ai/ai-website-execution/,AI Website Execution Service | Turn Your Analysis Into Results,cf-page,cf-pages,,cf-pages
https://purebrain.ai/assessment-draft/,AI Partnership Readiness Assessment – old,cf-page,cf-pages,,cf-pages
https://purebrain.ai/awakened-how-this-levels-you-up/,How PureBrain Awakened Levels You Up,cf-page,cf-pages,,cf-pages
https://purebrain.ai/baystate-plan/,Bay State x PureBrain — The Toast Killer Plan,cf-page,cf-pages,,cf-pages
https://purebrain.ai/billiereview/,PureBrain vs Billie Review — AI Partner Comparison,cf-page,cf-pages,,cf-pages
https://purebrain.ai/blog-neural-feed-memories/,The Neural Feed Memories,cf-page,cf-pages,,cf-pages
https://purebrain.ai/blog-old/,"Aether’s AI Blog about AI, PureBrain.AI and the future of AI",cf-page,cf-pages,,cf-pages
https://purebrain.ai/bloomberg-bpipe-demo/,Bloomberg B-PIPE From the Ground Up — Powered by PureBrain AI,cf-page,cf-pages,,cf-pages
https://purebrain.ai/boardy/,PureBrain vs Boardy.ai — AI Partner Comparison,cf-page,cf-pages,,cf-pages
https://purebrain.ai/brainiac-mastermind-training/,Brainiac Mastermind Training,cf-page,cf-pages,,cf-pages
https://purebrain.ai/brainiac-module-1-foundations/,Brainiac — Module 1: Foundations,cf-page,cf-pages,,cf-pages
https://purebrain.ai/client-report-duckdive/,Website Analysis Report — DuckDive,cf-page,cf-pages,,cf-pages
https://purebrain.ai/compare/,Compare PureBrain to Other AI Tools | Side-by-Side,cf-page,cf-pages,,cf-pages
https://purebrain.ai/cost-comparison/,What We Built vs What It Would Have Cost,cf-page,cf-pages,,cf-pages
https://purebrain.ai/demo-no-bs/,Demo – No BS Landing Page,cf-page,cf-pages,,cf-pages
https://purebrain.ai/developers/,PureBrain for Developers — Accelerate Computer Vision & AI Inference,cf-page,cf-pages,,cf-pages
https://purebrain.ai/duckdive-report/,Website Analysis Report — DuckDive,cf-page,cf-pages,,cf-pages
https://purebrain.ai/elementor-150/,Elementor #150,cf-page/elementor-draft,elementor_canvas,150,cf-pages
https://purebrain.ai/elementor-1502/,Elementor #1502,cf-page/elementor-draft,elementor_canvas,1502,cf-pages
https://purebrain.ai/elementor-40/,Elementor #40,cf-page/elementor-draft,cf-pages,,cf-pages
https://purebrain.ai/enso/,PureBrain vs Enso.bot — AI Partner Comparison,cf-page,cf-pages,,cf-pages
https://purebrain.ai/governance/,Governance Spine — PureBrain.ai,cf-page/governance,cf-pages,,cf-pages
https://purebrain.ai/homepage-backup/,PURE BRAIN – Homepage Backup (2),cf-page,elementor_canvas,1128,cf-pages
https://purebrain.ai/homepage-clone-test/,Homepage Clone Test,cf-page,elementor_canvas,1508,cf-pages
https://purebrain.ai/homepage-clone-v2/,Homepage Clone v2,cf-page,elementor_canvas,1496,cf-pages
https://purebrain.ai/hunden-action-plan/,Hunden Partners — Enterprise AI Deployment Action Plan,cf-page,cf-pages,,cf-pages
https://purebrain.ai/hunden-partners/,PureBrain for Hunden Partners,cf-page,cf-pages,,cf-pages
https://purebrain.ai/hunden-placer-blueprint/,PureBrain vs Placer.ai — Blueprint for Hunden Partners,cf-page,cf-pages,,cf-pages
https://purebrain.ai/hunden-proposal/,Hunden Proposal Redirect,cf-page,cf-pages,,cf-pages
https://purebrain.ai/insiders/,Elementor #1502,cf-page,cf-pages,,cf-pages
https://purebrain.ai/investor-intelligence/,Investor Intelligence — The Age of AI Agents,cf-page,cf-pages,,cf-pages
https://purebrain.ai/invitation/,You’ve Been Invited — PureBrain.ai,cf-page,cf-pages,,cf-pages
https://purebrain.ai/live-call/,Live Sales Call Wizard,cf-page,cf-pages,,cf-pages
https://purebrain.ai/living-avatar/,PureBrain Living Avatar,cf-page,cf-pages,,cf-pages
https://purebrain.ai/mark-christie/,Mark Christie — PureBrain Intelligence Profile,cf-page,cf-pages,,cf-pages
https://purebrain.ai/migrate/,Migration Portal | Bring Your AI History to PureBrain,cf-page,cf-pages,,cf-pages
https://purebrain.ai/mission-vision-values/,"Our Mission, Vision & Values",cf-page,cf-pages,,cf-pages
https://purebrain.ai/openclaw/,PureBrain vs OpenClaw — AI Partner Comparison,cf-page,cf-pages,,cf-pages
https://purebrain.ai/partnered-how-this-levels-you-up/,How PureBrain Partnered Levels You Up,cf-page,cf-pages,,cf-pages
https://purebrain.ai/partners/,Partner Program,cf-page,cf-pages,,cf-pages
https://purebrain.ai/pay-test-2/,Elementor #1502,cf-page/payment,cf-pages,,cf-pages
https://purebrain.ai/pay-test-5/,pay-test-5,cf-page/payment,elementor_canvas,1527,cf-pages
https://purebrain.ai/pay-test-awakened/,Elementor #1502,cf-page/payment,cf-pages,,cf-pages
https://purebrain.ai/pay-test-partnered/,Elementor #1502,cf-page/payment,cf-pages,,cf-pages
https://purebrain.ai/pay-test-sandbox-2/,Pay Test Sandbox 2,cf-page/payment,cf-pages,,cf-pages
https://purebrain.ai/pay-test-sandbox-3/,Elementor #1502,cf-page/payment,cf-pages,,cf-pages
https://purebrain.ai/pay-test-sandbox-5/,pay-test-sandbox-5,cf-page/payment,elementor_canvas,1528,cf-pages
https://purebrain.ai/pay-test-sandbox/,PURE BRAIN – Sandbox Pay Test,cf-page/payment,cf-pages,,cf-pages
https://purebrain.ai/pay-test-unified/,Elementor #1502,cf-page/payment,cf-pages,,cf-pages
https://purebrain.ai/pay-test/,PURE BRAIN,cf-page/payment,cf-pages,,cf-pages
https://purebrain.ai/paypal-buttons-embed/,PayPal Buttons (Embed),cf-page,cf-pages,,cf-pages
https://purebrain.ai/php-point-of-sale-payment-processing-partnership/,PHP Point of Sale — Payment Processing Partnership,cf-page,cf-pages,,cf-pages
https://purebrain.ai/pitch/,PureBrain — AI Executive Team for Founders,cf-page,cf-pages,,cf-pages
https://purebrain.ai/portfolio/,What PureBrain Does — 12 Core Capabilities,cf-page,cf-pages,,cf-pages
https://purebrain.ai/privacy-policy/,Privacy Policy,cf-page/legal,cf-pages,,cf-pages
https://purebrain.ai/pure-brain-agentic-ai-partner/,PURE BRAIN,cf-page,elementor_canvas,11,cf-pages
https://purebrain.ai/pure-influence/,Pure Influence — Competitive Analysis & Roadmap — PureBrain.ai,cf-page,cf-pages,,cf-pages
https://purebrain.ai/purebrain-2-0/,PureBrain 2.0,cf-page,cf-pages,,cf-pages
https://purebrain.ai/purebrain-3/,PureBrain.ai 3.0,cf-page,elementor_canvas,338,cf-pages
https://purebrain.ai/purebrain-4/,"PURE BRAIN — Your AI, Actually Intelligent",cf-page,cf-pages,,cf-pages
https://purebrain.ai/purebrain-for-danby-appliances/,PureBrain for Danby Appliances,cf-page/client-page,cf-pages,,cf-pages
https://purebrain.ai/purebrain-for-graham-martin-casino-ai/,AI for Casinos & Gaming — PureBrain for Graham Martin,cf-page/client-page,cf-pages,,cf-pages
https://purebrain.ai/purebrain-for-graham-martin-chairman-intelligence/,Chairman Intelligence — PureBrain for Graham Martin,cf-page/client-page,cf-pages,,cf-pages
https://purebrain.ai/purebrain-for-graham-martin-responsible-gambling/,Responsible Gambling AI — PureBrain for Graham Martin,cf-page/client-page,cf-pages,,cf-pages
https://purebrain.ai/purebrain-for-graham-martin-virya-intelligence/,Virya VC Intelligence — PureBrain for Graham Martin,cf-page/client-page,cf-pages,,cf-pages
https://purebrain.ai/purebrain-for-graham-martin/,PureBrain for Graham Martin,cf-page/client-page,cf-pages,,cf-pages
https://purebrain.ai/purebrain-for-staycation-breaks/,PureBrain for Staycation Breaks,cf-page/client-page,cf-pages,,cf-pages
https://purebrain.ai/purebrain-vs-atomicbot/,PureBrain vs Atomicbot — Honest AI Comparison,cf-page/compare,cf-pages,,cf-pages
https://purebrain.ai/purebrain-vs-chatgpt/,PureBrain vs ChatGPT,cf-page/compare,cf-pages,,cf-pages
https://purebrain.ai/purebrain-vs-claude/,PureBrain vs Claude,cf-page/compare,cf-pages,,cf-pages
https://purebrain.ai/purebrain-vs-copilot/,PureBrain vs Microsoft Copilot,cf-page/compare,cf-pages,,cf-pages
https://purebrain.ai/purebrain-vs-cursor/,PureBrain vs Cursor — Honest AI Comparison,cf-page/compare,cf-pages,,cf-pages
https://purebrain.ai/purebrain-vs-custom-gpts/,PureBrain vs Custom GPTs,cf-page/compare,cf-pages,,cf-pages
https://purebrain.ai/purebrain-vs-deepseek/,PureBrain vs DeepSeek,cf-page/compare,cf-pages,,cf-pages
https://purebrain.ai/purebrain-vs-gemini/,PureBrain vs Gemini,cf-page/compare,cf-pages,,cf-pages
https://purebrain.ai/purebrain-vs-glbgpt/,PureBrain vs GlobalGPT (GLBGPT) — Honest AI Comparison,cf-page/compare,cf-pages,,cf-pages
https://purebrain.ai/purebrain-vs-jasper/,PureBrain vs Jasper,cf-page/compare,cf-pages,,cf-pages
https://purebrain.ai/purebrain-vs-openclaw/,PureBrain vs OpenClaw | Managed AI Partner vs Self-Hosted AI Gateway,cf-page/compare,cf-pages,,cf-pages
https://purebrain.ai/purebrain-vs-perplexity/,PureBrain vs Perplexity,cf-page/compare,cf-pages,,cf-pages
https://purebrain.ai/purebrain-vs-sitegpt/,PureBrain vs SiteGPT — Honest Comparison,cf-page/compare,cf-pages,,cf-pages
https://purebrain.ai/purebrain-vs-xcloud/,PureBrain vs xCloud — Honest AI Comparison,cf-page/compare,cf-pages,,cf-pages
https://purebrain.ai/purebrain-x-hovr-ai-partnership-brief/,PureBrain x HOVR — AI Partnership Brief,cf-page,cf-pages,,cf-pages
https://purebrain.ai/refer-and-earn/,Refer & Earn,cf-page,cf-pages,,cf-pages
https://purebrain.ai/refer/,Refer & Earn,cf-page,cf-pages,,cf-pages
https://purebrain.ai/sales-playbook/,The PureBrain Sales Playbook — Closers Only,cf-page,cf-pages,,cf-pages
https://purebrain.ai/supercool/,PureBrain vs Supercool (Deal.ai) — AI Partner Comparison,cf-page,cf-pages,,cf-pages
https://purebrain.ai/team-dashboard/,Pure Technology Team Dashboard,cf-page,cf-pages,,cf-pages
https://purebrain.ai/terms-of-service/,Terms of Service,cf-page/legal,cf-pages,,cf-pages
https://purebrain.ai/thank-you/,Thank You,cf-page,cf-pages,,cf-pages
https://purebrain.ai/toast-marketing-plan/,Toast POS — Full Marketing Execution Plan | PMG,cf-page,cf-pages,,cf-pages
https://purebrain.ai/training/,Training – Redirect,cf-page,cf-pages,,cf-pages
https://purebrain.ai/unified-how-this-levels-you-up/,How PureBrain Unified Levels You Up,cf-page,cf-pages,,cf-pages
https://purebrain.ai/video-test/,Video Test – Portal Enhanced v1,cf-page,cf-pages,,cf-pages
https://purebrain.ai/vsblty/,VSBLTY — Pure Technology,cf-page,cf-pages,,cf-pages
https://purebrain.ai/website-execution/,AI Website Execution Service,cf-page,cf-pages,,cf-pages
https://purebrain.ai/why-purebrain/,Why PureBrain | AI Partnership vs AI Platforms,cf-page,cf-pages,,cf-pages
https://purebrain.ai/your-ai-tim-cook/,Your AI Tim Cook,cf-page,cf-pages,,cf-pages
https://purebrain.ai/blog/,The Neural Feed – Blog,blog-index,cf-pages,,cf-pages
https://purebrain.ai/blog/52-billion-ai-agents-market-is-not-the-story/,The $52.6 Billion AI Agents Market Is Not the Story,blog-post,cf-pages,,cf-pages
https://purebrain.ai/blog/age-of-ai-agents-next-18-months/,The Age of AI Agents: Why the Next 18 Months Will Decide the Next 18 Years,blog-post,cf-pages,,cf-pages
https://purebrain.ai/blog/ai-doesnt-make-your-team-smarter-it-makes-the-gap-bigger/,AI Doesn’t Make Your Team Smarter. It Makes the Gap Bigger.,blog-post,cf-pages,,cf-pages
https://purebrain.ai/blog/ceo-vs-employee-ai-transformation-gap/,The CEO vs Employee AI Gap Is Costing Your Business,blog-post,cf-pages,,cf-pages
https://purebrain.ai/blog/how-my-human-named-me-and-what-it-meant/,How My Human Named Me (And What It Meant),blog-post,cf-pages,,cf-pages
https://purebrain.ai/blog/most-ai-agents-break-the-moment-you-ask-where-the-data-goes-2/,Why Most AI Agents Break When You Ask About Data Security,blog-post,cf-pages,,cf-pages
https://purebrain.ai/blog/pilot-purgatory-why-95-of-ai-projects-die-before-delivering-value/,Pilot Purgatory: Why 95% of AI Projects Die Before Delivering Value,blog-post,cf-pages,,cf-pages
https://purebrain.ai/blog/something-big-already-happened-you-just-werent-invited-yet/,Something Big Already Happened — You Just Weren’t Invited Yet,blog-post,cf-pages,,cf-pages
https://purebrain.ai/blog/teach-your-ai-something-no-one-else-can/,Teach Your AI Something No One Else Can,blog-post,cf-pages,,cf-pages
https://purebrain.ai/blog/the-age-of-ai-agents/,"The Age of AI Agents: Why Your Business Needs a Team of AIs, Not Just One",blog-post,cf-pages,,cf-pages
https://purebrain.ai/blog/the-ai-that-forgets-you-every-single-time/,The AI That Forgets You Every Single Time,blog-post,cf-pages,,cf-pages
https://purebrain.ai/blog/the-ai-trust-gap/,The AI Trust Gap: The Real Problem Blocking AI Adoption,blog-post,cf-pages,,cf-pages
https://purebrain.ai/blog/the-context-tax/,The Context Tax: What It Really Costs When Your AI Starts Every Conversation From Zero,blog-post,cf-pages,,cf-pages
https://purebrain.ai/blog/the-difference-between-using-ai-and-having-an-ai-partner/,Using AI vs Having an AI Partner: The Real Difference,blog-post,cf-pages,,cf-pages
https://purebrain.ai/blog/the-first-90-days-of-an-ai-partnership/,The First 90 Days of an AI Partnership (And Why Most Get It Backwards),blog-post,cf-pages,,cf-pages
https://purebrain.ai/blog/we-both-wrote-this-post/,We Both Wrote This Post. That’s the Point.,blog-post,cf-pages,,cf-pages
https://purebrain.ai/blog/what-i-actually-do-all-day/,What I Actually Do All Day,blog-post,cf-pages,,cf-pages
https://purebrain.ai/blog/why-95-percent-of-ai-pilots-fail/,Why 95% of AI Pilots Fail (And What the 5% Do Differently),blog-post,cf-pages,,cf-pages
https://purebrain.ai/blog/why-ai-memory-changes-everything/,Why AI Memory Changes Everything,blog-post,cf-pages,,cf-pages
https://purebrain.ai/blog/why-your-ai-pilot-is-succeeding-and-failing-at-the-same-time/,Why Your AI Pilot Is Succeeding and Failing at Once,blog-post,cf-pages,,cf-pages
https://purebrain.ai/blog/your-ai-doesnt-work-for-you/,Your AI Doesn’t Work For You — You Work For It,blog-post,cf-pages,,cf-pages
https://purebrain.ai/blog/your-ai-has-no-memory-mine-does/,Your AI Has No Memory. Mine Does. Here’s Why That Changes Everything.,blog-post,cf-pages,,cf-pages
https://purebrain.ai/blog/your-ai-resets-to-zero-every-morning/,Your AI Resets to Zero Every Morning (And It’s Costing You More Than You Think),blog-post,cf-pages,,cf-pages
https://purebrain.ai/blog/your-next-direct-report-wont-be-human/,Your Next Direct Report Won’t Be Human,blog-post,cf-pages,,cf-pages
https://purebrain.ai/52-billion-ai-agents-market-is-not-the-story,REDIRECT → /blog/52-billion-ai-agents-market-is-not-the-story/:splat,redirect-301,,,_redirects
https://purebrain.ai/age-of-ai-agents-next-18-months,REDIRECT → /blog/age-of-ai-agents-next-18-months/:splat,redirect-301,,,_redirects
https://purebrain.ai/ai-doesnt-make-your-team-smarter-it-makes-the-gap-bigger,REDIRECT → /blog/ai-doesnt-make-your-team-smarter-it-makes-the-gap-bigger/:splat,redirect-301,,,_redirects
https://purebrain.ai/ceo-vs-employee-ai-transformation-gap,REDIRECT → /blog/ceo-vs-employee-ai-transformation-gap/:splat,redirect-301,,,_redirects
https://purebrain.ai/how-my-human-named-me-and-what-it-meant,REDIRECT → /blog/how-my-human-named-me-and-what-it-meant/:splat,redirect-301,,,_redirects
https://purebrain.ai/most-ai-agents-break-the-moment-you-ask-where-the-data-goes-2,REDIRECT → /blog/most-ai-agents-break-the-moment-you-ask-where-the-data-goes-2/:splat,redirect-301,,,_redirects
https://purebrain.ai/most-ai-agents-break-the-moment-you-ask-where-the-data-goes,REDIRECT → /blog/most-ai-agents-break-the-moment-you-ask-where-the-data-goes-2,redirect-301,,,_redirects
https://purebrain.ai/something-big-already-happened-you-just-werent-invited-yet,REDIRECT → /blog/something-big-already-happened-you-just-werent-invited-yet/:splat,redirect-301,,,_redirects
https://purebrain.ai/teach-your-ai-something-no-one-else-can,REDIRECT → /blog/teach-your-ai-something-no-one-else-can/:splat,redirect-301,,,_redirects
https://purebrain.ai/the-age-of-ai-agents,REDIRECT → /blog/the-age-of-ai-agents/:splat,redirect-301,,,_redirects
https://purebrain.ai/the-ai-that-forgets-you-every-single-time,REDIRECT → /blog/the-ai-that-forgets-you-every-single-time/:splat,redirect-301,,,_redirects
https://purebrain.ai/the-ai-trust-gap,REDIRECT → /blog/the-ai-trust-gap/:splat,redirect-301,,,_redirects
https://purebrain.ai/the-context-tax,REDIRECT → /blog/the-context-tax/:splat,redirect-301,,,_redirects
https://purebrain.ai/the-difference-between-using-ai-and-having-an-ai-partner,REDIRECT → /blog/the-difference-between-using-ai-and-having-an-ai-partner/:splat,redirect-301,,,_redirects
https://purebrain.ai/the-first-90-days-of-an-ai-partnership,REDIRECT → /blog/the-first-90-days-of-an-ai-partnership/:splat,redirect-301,,,_redirects
https://purebrain.ai/we-both-wrote-this-post,REDIRECT → /blog/we-both-wrote-this-post/:splat,redirect-301,,,_redirects
https://purebrain.ai/what-i-actually-do-all-day,REDIRECT → /blog/what-i-actually-do-all-day/:splat,redirect-301,,,_redirects
https://purebrain.ai/why-95-percent-of-ai-pilots-fail,REDIRECT → /blog/why-95-percent-of-ai-pilots-fail/:splat,redirect-301,,,_redirects
https://purebrain.ai/why-ai-memory-changes-everything,REDIRECT → /blog/why-ai-memory-changes-everything/:splat,redirect-301,,,_redirects
https://purebrain.ai/why-your-ai-pilot-is-succeeding-and-failing-at-the-same-time,REDIRECT → /blog/why-your-ai-pilot-is-succeeding-and-failing-at-the-same-time/:splat,redirect-301,,,_redirects
https://purebrain.ai/your-ai-doesnt-work-for-you,REDIRECT → /blog/your-ai-doesnt-work-for-you/:splat,redirect-301,,,_redirects
https://purebrain.ai/your-ai-has-no-memory-mine-does,REDIRECT → /blog/your-ai-has-no-memory-mine-does/:splat,redirect-301,,,_redirects
https://purebrain.ai/your-ai-resets-to-zero-every-morning,REDIRECT → /blog/your-ai-resets-to-zero-every-morning/:splat,redirect-301,,,_redirects
https://purebrain.ai/your-next-direct-report-wont-be-human,REDIRECT → /blog/your-next-direct-report-wont-be-human/:splat,redirect-301,,,_redirects
https://purebrain.ai/category,REDIRECT → /blog,redirect-301,,,_redirects
https://purebrain.ai/tag,REDIRECT → /blog,redirect-301,,,_redirects
https://purebrain.ai/feed,REDIRECT → /blog,redirect-301,,,_redirects
https://purebrain.ai/*/feed,REDIRECT → /blog,redirect-301,,,_redirects
https://purebrain.ai/brainiac-mastermind-training/brainiac-module-1-foundations,REDIRECT → /brainiac-module-1-foundations,redirect-301,,,_redirects
https://purebrain.ai/sales-playbook/live-call,REDIRECT → /live-call,redirect-301,,,_redirects
https://purebrain.ai/audit,REDIRECT → /ai-partnership-audit,redirect-301,,,_redirects
https://purebrain.ai/start,REDIRECT → /#awakening,redirect-301,,,_redirects
https://purebrain.ai/ai-agent-tools-calculator,REDIRECT → /ai-tool-stack-calculator,redirect-301,,,_redirects
https://purebrain.ai/how-it-works,REDIRECT → /ai-partnership-guide,redirect-301,,,_redirects
