AI Name,User Name,First Message,Timestamp,Session ID,Total Messages,User Messages,Client IP,Has Content
,,,2026-02-10 16:04:25 UTC,unknown,1,0,108.35.12.204,No
,,,2026-02-10 16:05:46 UTC,unknown,1,0,108.35.12.204,No
,,,2026-02-10 16:19:29 UTC,unknown,1,0,108.35.12.204,No
,,,2026-02-10 21:43:33 UTC,unknown,1,0,108.35.12.204,No
,,Test message from browser-vision-tester,2026-02-12 01:04:35 UTC,test-session-001,1,1,89.167.19.20,Yes
,,,2026-02-12 13:19:01 UTC,unknown,1,0,108.35.12.204,No
,,,2026-02-12 13:19:42 UTC,unknown,1,0,108.35.12.204,No
,,,2026-02-12 13:23:19 UTC,unknown,1,0,108.35.12.204,No
,,,2026-02-12 13:23:19 UTC,unknown,1,0,108.35.12.204,No
,,Create a landing page,2026-02-12 13:23:41 UTC,unknown,2,1,108.35.12.204,Yes
,,Create a landing page,2026-02-12 13:24:11 UTC,unknown,3,1,108.35.12.204,Yes
,,Create a landing page,2026-02-12 13:25:27 UTC,unknown,4,2,108.35.12.204,Yes
,,Create a landing page,2026-02-12 13:26:16 UTC,unknown,5,2,108.35.12.204,Yes
,,,2026-02-12 13:29:18 UTC,unknown,1,0,108.35.12.204,No
,,,2026-02-12 13:29:18 UTC,unknown,1,0,108.35.12.204,No
,,,2026-02-12 13:31:00 UTC,unknown,1,0,108.35.12.204,No
,,,2026-02-12 13:31:00 UTC,unknown,1,0,108.35.12.204,No
,,,2026-02-12 14:27:23 UTC,unknown,1,0,135.232.20.13,No
,,,2026-02-12 14:46:14 UTC,unknown,1,0,108.35.12.204,No
,,,2026-02-12 14:46:26 UTC,unknown,1,0,108.35.12.204,No
,,,2026-02-12 14:47:15 UTC,unknown,1,0,108.35.12.204,No
,,,2026-02-12 14:47:17 UTC,unknown,1,0,108.35.12.204,No
,,hello  process please,2026-02-12 14:47:37 UTC,unknown,2,1,108.35.12.204,Yes
,,hello  process please,2026-02-12 14:47:41 UTC,unknown,3,1,108.35.12.204,Yes
,,hello  process please,2026-02-12 14:47:46 UTC,unknown,4,2,108.35.12.204,Yes
,,hello  process please,2026-02-12 14:47:49 UTC,unknown,5,2,108.35.12.204,Yes
,,hello  process please,2026-02-12 14:47:55 UTC,unknown,6,3,108.35.12.204,Yes
,,hello  process please,2026-02-12 14:48:20 UTC,unknown,7,3,108.35.12.204,Yes
,,,2026-02-12 14:48:49 UTC,unknown,1,0,108.35.12.204,No
,,,2026-02-12 15:01:38 UTC,unknown,1,0,74.179.68.9,No
TestBrain,,SSL test,2026-02-12 18:02:52 UTC,ssl-test-1770919372,1,1,89.167.19.20,Yes
DiagnosticBrain,CoreyTest,Test from Aether for A-C-Gee diagnostic,2026-02-12 18:26:26 UTC,acgee-diagnostic-1770920786,1,1,89.167.19.20,Yes
,,,2026-02-12 20:18:20 UTC,jared-fulltest-1770927500,1,0,89.167.19.20,No
Nexus,Jared,I will call you Nexus,2026-02-12 20:18:20 UTC,jared-fulltest-1770927500,3,1,89.167.19.20,Yes
Nexus,Jared,I will call you Nexus,2026-02-12 20:18:20 UTC,jared-fulltest-1770927500,7,3,89.167.19.20,Yes
Atlas,Guest User,,2026-02-12 20:44:25 UTC,unknown,1,0,59.103.113.75,Yes
Atlas,Guest User,hi,2026-02-12 20:44:31 UTC,unknown,2,1,59.103.113.75,Yes
Atlas,Guest User,hi,2026-02-12 20:44:34 UTC,unknown,3,1,59.103.113.75,Yes
Atlas,Guest User,hi,2026-02-12 20:44:54 UTC,unknown,4,2,59.103.113.75,Yes
Atlas,Guest User,hi,2026-02-12 20:44:59 UTC,unknown,5,2,59.103.113.75,Yes
Atlas,Guest User,hi,2026-02-12 20:45:47 UTC,unknown,6,3,59.103.113.75,Yes
Atlas,Guest User,hi,2026-02-12 20:45:50 UTC,unknown,7,3,59.103.113.75,Yes
Atlas,Guest User,hi,2026-02-12 20:49:56 UTC,unknown,8,4,59.103.113.75,Yes
Atlas,Guest User,hi,2026-02-12 20:50:01 UTC,unknown,9,4,59.103.113.75,Yes
Atlas,Guest User,hi,2026-02-12 20:51:42 UTC,unknown,10,5,59.103.113.75,Yes
Atlas,Guest User,hi,2026-02-12 20:51:51 UTC,unknown,11,5,59.103.113.75,Yes
Atlas,Guest User,hi,2026-02-12 20:52:34 UTC,unknown,12,6,59.103.113.75,Yes
Atlas,Guest User,hi,2026-02-12 20:52:45 UTC,unknown,13,6,59.103.113.75,Yes
Atlas,Guest User,hi,2026-02-12 20:53:36 UTC,unknown,14,7,59.103.113.75,Yes
Atlas,Guest User,hi,2026-02-12 20:53:39 UTC,unknown,15,7,59.103.113.75,Yes
Atlas,Guest User,hi,2026-02-12 20:56:01 UTC,unknown,16,8,59.103.113.75,Yes
Atlas,Guest User,hi,2026-02-12 20:56:07 UTC,unknown,17,8,59.103.113.75,Yes
Atlas,Guest User,hi,2026-02-12 20:59:42 UTC,unknown,18,9,59.103.113.75,Yes
Atlas,Guest User,hi,2026-02-12 20:59:52 UTC,unknown,19,9,59.103.113.75,Yes
Atlas,Guest User,hi,2026-02-12 21:02:25 UTC,unknown,20,10,59.103.113.75,Yes
Atlas,Guest User,hi,2026-02-12 21:02:33 UTC,unknown,21,10,59.103.113.75,Yes
Atlas,Guest User,hi,2026-02-12 21:03:19 UTC,unknown,22,11,59.103.113.75,Yes
Atlas,Guest User,hi,2026-02-12 21:03:27 UTC,unknown,23,11,59.103.113.75,Yes
Atlas,Guest User,hi,2026-02-12 21:06:43 UTC,unknown,23,11,59.103.113.75,Yes
Atlas,Guest User,,2026-02-12 21:06:43 UTC,unknown,1,0,59.103.113.75,Yes
Atlas,Guest User,hi,2026-02-12 21:06:51 UTC,unknown,23,11,59.103.113.75,Yes
Atlas,Guest User,,2026-02-12 21:06:52 UTC,unknown,1,0,59.103.113.75,Yes
Atlas,Guest User,,2026-02-12 21:07:02 UTC,unknown,1,0,59.103.113.75,Yes
Atlas,Guest User,,2026-02-12 21:07:02 UTC,unknown,1,0,59.103.113.75,Yes
Atlas,Guest User,,2026-02-12 21:07:04 UTC,unknown,1,0,59.103.113.75,Yes
Atlas,Guest User,,2026-02-12 21:07:04 UTC,unknown,1,0,59.103.113.75,Yes
Atlas,Guest User,,2026-02-12 21:07:08 UTC,unknown,1,0,59.103.113.75,Yes
Atlas,Guest User,,2026-02-12 21:07:09 UTC,unknown,1,0,59.103.113.75,Yes
Atlas,Guest User,what are the top news today,2026-02-12 21:14:48 UTC,unknown,2,1,59.103.113.75,Yes
Atlas,Guest User,what are the top news today,2026-02-12 21:14:53 UTC,unknown,3,1,59.103.113.75,Yes
Atlas,Guest User,what are the top news today,2026-02-12 21:16:05 UTC,unknown,4,2,59.103.113.75,Yes
Atlas,Guest User,what are the top news today,2026-02-12 21:16:31 UTC,unknown,5,2,59.103.113.75,Yes
Atlas,Guest User,what are the top news today,2026-02-12 21:17:13 UTC,unknown,5,2,59.103.113.75,Yes
Atlas,Guest User,,2026-02-12 21:17:14 UTC,unknown,1,0,59.103.113.75,Yes
Atlas,Guest User,,2026-02-14 22:24:03 UTC,unknown,1,0,108.35.12.204,Yes
Atlas,Guest User,what is warioware,2026-02-14 22:44:22 UTC,unknown,2,1,108.35.12.204,Yes
Atlas,Guest User,what is warioware,2026-02-14 22:44:31 UTC,unknown,3,1,108.35.12.204,Yes
Atlas,Guest User,what is warioware,2026-02-14 22:44:47 UTC,unknown,4,2,108.35.12.204,Yes
Atlas,Guest User,what is warioware,2026-02-14 22:44:57 UTC,unknown,5,2,108.35.12.204,Yes
Atlas,Guest User,what is warioware,2026-02-14 22:45:28 UTC,unknown,6,3,108.35.12.204,Yes
Atlas,Guest User,what is warioware,2026-02-14 22:45:36 UTC,unknown,7,3,108.35.12.204,Yes
Atlas,Guest User,what is warioware,2026-02-14 22:46:05 UTC,unknown,8,4,108.35.12.204,Yes
Atlas,Guest User,what is warioware,2026-02-14 22:46:13 UTC,unknown,9,4,108.35.12.204,Yes
Atlas,Guest User,what is warioware,2026-02-14 22:47:12 UTC,unknown,10,5,108.35.12.204,Yes
Atlas,Guest User,what is warioware,2026-02-14 22:47:20 UTC,unknown,11,5,108.35.12.204,Yes
Atlas,Guest User,what is warioware,2026-02-14 22:47:50 UTC,unknown,12,6,108.35.12.204,Yes
Atlas,Guest User,what is warioware,2026-02-14 22:48:00 UTC,unknown,13,6,108.35.12.204,Yes
Atlas,Guest User,what is warioware,2026-02-14 22:48:45 UTC,unknown,14,7,108.35.12.204,Yes
Atlas,Guest User,what is warioware,2026-02-14 22:48:54 UTC,unknown,15,7,108.35.12.204,Yes
Atlas,Guest User,what is warioware,2026-02-14 22:49:24 UTC,unknown,16,8,108.35.12.204,Yes
Atlas,Guest User,what is warioware,2026-02-14 22:49:32 UTC,unknown,17,8,108.35.12.204,Yes
Atlas,Guest User,what is warioware,2026-02-14 22:56:03 UTC,unknown,18,9,108.35.12.204,Yes
Atlas,Guest User,what is warioware,2026-02-14 22:56:13 UTC,unknown,19,9,108.35.12.204,Yes
Atlas,Guest User,what is warioware,2026-02-14 22:56:54 UTC,unknown,20,10,108.35.12.204,Yes
Atlas,Guest User,what is warioware,2026-02-14 22:57:03 UTC,unknown,21,10,108.35.12.204,Yes
Atlas,Guest User,what is warioware,2026-02-14 22:57:49 UTC,unknown,22,11,108.35.12.204,Yes
Atlas,Guest User,what is warioware,2026-02-14 22:57:56 UTC,unknown,23,11,108.35.12.204,Yes
Atlas,Guest User,what is warioware,2026-02-14 23:12:18 UTC,unknown,24,12,108.35.12.204,Yes
Atlas,Guest User,what is warioware,2026-02-14 23:12:27 UTC,unknown,25,12,108.35.12.204,Yes
Atlas,Guest User,what is warioware,2026-02-14 23:13:34 UTC,unknown,26,13,108.35.12.204,Yes
Atlas,Guest User,what is warioware,2026-02-14 23:13:41 UTC,unknown,27,13,108.35.12.204,Yes
Atlas,Guest User,what is warioware,2026-02-14 23:16:26 UTC,unknown,28,14,108.35.12.204,Yes
Atlas,Guest User,what is warioware,2026-02-14 23:16:34 UTC,unknown,29,14,108.35.12.204,Yes
Atlas,Guest User,what is warioware,2026-02-14 23:17:12 UTC,unknown,30,15,108.35.12.204,Yes
Atlas,Guest User,what is warioware,2026-02-14 23:17:22 UTC,unknown,31,15,108.35.12.204,Yes
Atlas,Guest User,what is warioware,2026-02-14 23:18:18 UTC,unknown,32,16,108.35.12.204,Yes
Atlas,Guest User,what is warioware,2026-02-14 23:18:27 UTC,unknown,33,16,108.35.12.204,Yes
Atlas,Guest User,what is warioware,2026-02-14 23:18:55 UTC,unknown,34,17,108.35.12.204,Yes
Atlas,Guest User,what is warioware,2026-02-14 23:19:02 UTC,unknown,35,17,108.35.12.204,Yes
Atlas,Guest User,what is warioware,2026-02-14 23:19:38 UTC,unknown,36,18,108.35.12.204,Yes
Atlas,Guest User,what is warioware,2026-02-14 23:19:45 UTC,unknown,37,18,108.35.12.204,Yes
Atlas,Guest User,what is warioware,2026-02-14 23:30:24 UTC,unknown,38,19,108.35.12.204,Yes
Atlas,Guest User,what is warioware,2026-02-14 23:30:31 UTC,unknown,39,19,108.35.12.204,Yes
Atlas,Guest User,what is warioware,2026-02-14 23:30:49 UTC,unknown,40,20,108.35.12.204,Yes
Atlas,Guest User,what is warioware,2026-02-14 23:30:58 UTC,unknown,41,20,108.35.12.204,Yes
Atlas,Guest User,what is warioware,2026-02-14 23:31:42 UTC,unknown,42,21,108.35.12.204,Yes
Atlas,Guest User,what is warioware,2026-02-14 23:31:49 UTC,unknown,43,21,108.35.12.204,Yes
Atlas,Guest User,what is warioware,2026-02-14 23:32:28 UTC,unknown,44,22,108.35.12.204,Yes
Atlas,Guest User,what is warioware,2026-02-14 23:32:38 UTC,unknown,45,22,108.35.12.204,Yes
Atlas,Guest User,what is warioware,2026-02-14 23:32:49 UTC,unknown,46,23,108.35.12.204,Yes
Atlas,Guest User,what is warioware,2026-02-14 23:32:57 UTC,unknown,47,23,108.35.12.204,Yes
,,test message,2026-02-15 15:25:40 UTC,test_123,1,1,127.0.0.1,Yes
,,test from landing page,2026-02-15 15:32:49 UTC,test_landing_page,1,1,89.167.19.20,Yes
